"TIME","GEO","S_ADJ","AGE","SEX","Value","Flag and Footnotes"
"1983","Belgium","Not seasonally adjusted data","Total","Total","10.7",""
"1984","Belgium","Not seasonally adjusted data","Total","Total","10.8",""
"1985","Belgium","Not seasonally adjusted data","Total","Total","10.1",""
"1986","Belgium","Not seasonally adjusted data","Total","Total","10.0",""
"1987","Belgium","Not seasonally adjusted data","Total","Total","9.8",""
"1988","Belgium","Not seasonally adjusted data","Total","Total","8.8",""
"1989","Belgium","Not seasonally adjusted data","Total","Total","7.4",""
"1990","Belgium","Not seasonally adjusted data","Total","Total","6.6",""
"1991","Belgium","Not seasonally adjusted data","Total","Total","6.4",""
"1992","Belgium","Not seasonally adjusted data","Total","Total","7.1",""
"1993","Belgium","Not seasonally adjusted data","Total","Total","8.6",""
"1994","Belgium","Not seasonally adjusted data","Total","Total","9.8",""
"1995","Belgium","Not seasonally adjusted data","Total","Total","9.7",""
"1996","Belgium","Not seasonally adjusted data","Total","Total","9.5",""
"1997","Belgium","Not seasonally adjusted data","Total","Total","9.2",""
"1998","Belgium","Not seasonally adjusted data","Total","Total","9.3",""
"1999","Belgium","Not seasonally adjusted data","Total","Total","8.5",""
"2000","Belgium","Not seasonally adjusted data","Total","Total","6.9",""
"2001","Belgium","Not seasonally adjusted data","Total","Total","6.6",""
"2002","Belgium","Not seasonally adjusted data","Total","Total","7.5",""
"2003","Belgium","Not seasonally adjusted data","Total","Total","8.2",""
"2004","Belgium","Not seasonally adjusted data","Total","Total","8.4",""
"2005","Belgium","Not seasonally adjusted data","Total","Total","8.5",""
"2006","Belgium","Not seasonally adjusted data","Total","Total","8.3",""
"2007","Belgium","Not seasonally adjusted data","Total","Total","7.5",""
"2008","Belgium","Not seasonally adjusted data","Total","Total","7.0",""
"2009","Belgium","Not seasonally adjusted data","Total","Total","7.9",""
"2010","Belgium","Not seasonally adjusted data","Total","Total","8.3",""
"2011","Belgium","Not seasonally adjusted data","Total","Total","7.2",""
"2012","Belgium","Not seasonally adjusted data","Total","Total","7.6",""
"1983","Bulgaria","Not seasonally adjusted data","Total","Total",":",""
"1984","Bulgaria","Not seasonally adjusted data","Total","Total",":",""
"1985","Bulgaria","Not seasonally adjusted data","Total","Total",":",""
"1986","Bulgaria","Not seasonally adjusted data","Total","Total",":",""
"1987","Bulgaria","Not seasonally adjusted data","Total","Total",":",""
"1988","Bulgaria","Not seasonally adjusted data","Total","Total",":",""
"1989","Bulgaria","Not seasonally adjusted data","Total","Total",":",""
"1990","Bulgaria","Not seasonally adjusted data","Total","Total",":",""
"1991","Bulgaria","Not seasonally adjusted data","Total","Total",":",""
"1992","Bulgaria","Not seasonally adjusted data","Total","Total",":",""
"1993","Bulgaria","Not seasonally adjusted data","Total","Total",":",""
"1994","Bulgaria","Not seasonally adjusted data","Total","Total",":",""
"1995","Bulgaria","Not seasonally adjusted data","Total","Total",":",""
"1996","Bulgaria","Not seasonally adjusted data","Total","Total",":",""
"1997","Bulgaria","Not seasonally adjusted data","Total","Total",":",""
"1998","Bulgaria","Not seasonally adjusted data","Total","Total",":",""
"1999","Bulgaria","Not seasonally adjusted data","Total","Total",":",""
"2000","Bulgaria","Not seasonally adjusted data","Total","Total","16.4",""
"2001","Bulgaria","Not seasonally adjusted data","Total","Total","19.5",""
"2002","Bulgaria","Not seasonally adjusted data","Total","Total","18.2",""
"2003","Bulgaria","Not seasonally adjusted data","Total","Total","13.7",""
"2004","Bulgaria","Not seasonally adjusted data","Total","Total","12.1",""
"2005","Bulgaria","Not seasonally adjusted data","Total","Total","10.1",""
"2006","Bulgaria","Not seasonally adjusted data","Total","Total","9.0",""
"2007","Bulgaria","Not seasonally adjusted data","Total","Total","6.9",""
"2008","Bulgaria","Not seasonally adjusted data","Total","Total","5.6",""
"2009","Bulgaria","Not seasonally adjusted data","Total","Total","6.8",""
"2010","Bulgaria","Not seasonally adjusted data","Total","Total","10.3",""
"2011","Bulgaria","Not seasonally adjusted data","Total","Total","11.3",""
"2012","Bulgaria","Not seasonally adjusted data","Total","Total","12.3",""
"1983","Czech Republic","Not seasonally adjusted data","Total","Total",":",""
"1984","Czech Republic","Not seasonally adjusted data","Total","Total",":",""
"1985","Czech Republic","Not seasonally adjusted data","Total","Total",":",""
"1986","Czech Republic","Not seasonally adjusted data","Total","Total",":",""
"1987","Czech Republic","Not seasonally adjusted data","Total","Total",":",""
"1988","Czech Republic","Not seasonally adjusted data","Total","Total",":",""
"1989","Czech Republic","Not seasonally adjusted data","Total","Total",":",""
"1990","Czech Republic","Not seasonally adjusted data","Total","Total",":",""
"1991","Czech Republic","Not seasonally adjusted data","Total","Total",":",""
"1992","Czech Republic","Not seasonally adjusted data","Total","Total",":",""
"1993","Czech Republic","Not seasonally adjusted data","Total","Total",":",""
"1994","Czech Republic","Not seasonally adjusted data","Total","Total",":",""
"1995","Czech Republic","Not seasonally adjusted data","Total","Total",":",""
"1996","Czech Republic","Not seasonally adjusted data","Total","Total",":",""
"1997","Czech Republic","Not seasonally adjusted data","Total","Total",":",""
"1998","Czech Republic","Not seasonally adjusted data","Total","Total","6.5",""
"1999","Czech Republic","Not seasonally adjusted data","Total","Total","8.7",""
"2000","Czech Republic","Not seasonally adjusted data","Total","Total","8.8",""
"2001","Czech Republic","Not seasonally adjusted data","Total","Total","8.1",""
"2002","Czech Republic","Not seasonally adjusted data","Total","Total","7.3",""
"2003","Czech Republic","Not seasonally adjusted data","Total","Total","7.8",""
"2004","Czech Republic","Not seasonally adjusted data","Total","Total","8.3",""
"2005","Czech Republic","Not seasonally adjusted data","Total","Total","7.9",""
"2006","Czech Republic","Not seasonally adjusted data","Total","Total","7.1",""
"2007","Czech Republic","Not seasonally adjusted data","Total","Total","5.3",""
"2008","Czech Republic","Not seasonally adjusted data","Total","Total","4.4",""
"2009","Czech Republic","Not seasonally adjusted data","Total","Total","6.7",""
"2010","Czech Republic","Not seasonally adjusted data","Total","Total","7.3",""
"2011","Czech Republic","Not seasonally adjusted data","Total","Total","6.7",""
"2012","Czech Republic","Not seasonally adjusted data","Total","Total","7.0",""
"1983","Denmark","Not seasonally adjusted data","Total","Total","8.4",""
"1984","Denmark","Not seasonally adjusted data","Total","Total","7.9",""
"1985","Denmark","Not seasonally adjusted data","Total","Total","6.7",""
"1986","Denmark","Not seasonally adjusted data","Total","Total","5.0",""
"1987","Denmark","Not seasonally adjusted data","Total","Total","5.0",""
"1988","Denmark","Not seasonally adjusted data","Total","Total","5.7",""
"1989","Denmark","Not seasonally adjusted data","Total","Total","6.8",""
"1990","Denmark","Not seasonally adjusted data","Total","Total","7.2",""
"1991","Denmark","Not seasonally adjusted data","Total","Total","7.9",""
"1992","Denmark","Not seasonally adjusted data","Total","Total","8.6",""
"1993","Denmark","Not seasonally adjusted data","Total","Total","9.6",""
"1994","Denmark","Not seasonally adjusted data","Total","Total","7.7",""
"1995","Denmark","Not seasonally adjusted data","Total","Total","6.7",""
"1996","Denmark","Not seasonally adjusted data","Total","Total","6.3",""
"1997","Denmark","Not seasonally adjusted data","Total","Total","5.2",""
"1998","Denmark","Not seasonally adjusted data","Total","Total","4.9",""
"1999","Denmark","Not seasonally adjusted data","Total","Total","5.2",""
"2000","Denmark","Not seasonally adjusted data","Total","Total","4.3",""
"2001","Denmark","Not seasonally adjusted data","Total","Total","4.5",""
"2002","Denmark","Not seasonally adjusted data","Total","Total","4.6",""
"2003","Denmark","Not seasonally adjusted data","Total","Total","5.4",""
"2004","Denmark","Not seasonally adjusted data","Total","Total","5.5",""
"2005","Denmark","Not seasonally adjusted data","Total","Total","4.8",""
"2006","Denmark","Not seasonally adjusted data","Total","Total","3.9",""
"2007","Denmark","Not seasonally adjusted data","Total","Total","3.8",""
"2008","Denmark","Not seasonally adjusted data","Total","Total","3.4",""
"2009","Denmark","Not seasonally adjusted data","Total","Total","6.0",""
"2010","Denmark","Not seasonally adjusted data","Total","Total","7.5",""
"2011","Denmark","Not seasonally adjusted data","Total","Total","7.6",""
"2012","Denmark","Not seasonally adjusted data","Total","Total","7.5",""
"1983","Germany (until 1990 former territory of the FRG)","Not seasonally adjusted data","Total","Total",":",""
"1984","Germany (until 1990 former territory of the FRG)","Not seasonally adjusted data","Total","Total",":",""
"1985","Germany (until 1990 former territory of the FRG)","Not seasonally adjusted data","Total","Total",":",""
"1986","Germany (until 1990 former territory of the FRG)","Not seasonally adjusted data","Total","Total",":",""
"1987","Germany (until 1990 former territory of the FRG)","Not seasonally adjusted data","Total","Total",":",""
"1988","Germany (until 1990 former territory of the FRG)","Not seasonally adjusted data","Total","Total",":",""
"1989","Germany (until 1990 former territory of the FRG)","Not seasonally adjusted data","Total","Total",":",""
"1990","Germany (until 1990 former territory of the FRG)","Not seasonally adjusted data","Total","Total",":",""
"1991","Germany (until 1990 former territory of the FRG)","Not seasonally adjusted data","Total","Total","5.5",""
"1992","Germany (until 1990 former territory of the FRG)","Not seasonally adjusted data","Total","Total","6.6",""
"1993","Germany (until 1990 former territory of the FRG)","Not seasonally adjusted data","Total","Total","7.8",""
"1994","Germany (until 1990 former territory of the FRG)","Not seasonally adjusted data","Total","Total","8.5",""
"1995","Germany (until 1990 former territory of the FRG)","Not seasonally adjusted data","Total","Total","8.3",""
"1996","Germany (until 1990 former territory of the FRG)","Not seasonally adjusted data","Total","Total","8.9",""
"1997","Germany (until 1990 former territory of the FRG)","Not seasonally adjusted data","Total","Total","9.7",""
"1998","Germany (until 1990 former territory of the FRG)","Not seasonally adjusted data","Total","Total","9.4",""
"1999","Germany (until 1990 former territory of the FRG)","Not seasonally adjusted data","Total","Total","8.6",""
"2000","Germany (until 1990 former territory of the FRG)","Not seasonally adjusted data","Total","Total","8.0",""
"2001","Germany (until 1990 former territory of the FRG)","Not seasonally adjusted data","Total","Total","7.9",""
"2002","Germany (until 1990 former territory of the FRG)","Not seasonally adjusted data","Total","Total","8.7",""
"2003","Germany (until 1990 former territory of the FRG)","Not seasonally adjusted data","Total","Total","9.8",""
"2004","Germany (until 1990 former territory of the FRG)","Not seasonally adjusted data","Total","Total","10.5",""
"2005","Germany (until 1990 former territory of the FRG)","Not seasonally adjusted data","Total","Total","11.3",""
"2006","Germany (until 1990 former territory of the FRG)","Not seasonally adjusted data","Total","Total","10.3",""
"2007","Germany (until 1990 former territory of the FRG)","Not seasonally adjusted data","Total","Total","8.7",""
"2008","Germany (until 1990 former territory of the FRG)","Not seasonally adjusted data","Total","Total","7.5",""
"2009","Germany (until 1990 former territory of the FRG)","Not seasonally adjusted data","Total","Total","7.8",""
"2010","Germany (until 1990 former territory of the FRG)","Not seasonally adjusted data","Total","Total","7.1",""
"2011","Germany (until 1990 former territory of the FRG)","Not seasonally adjusted data","Total","Total","5.9",""
"2012","Germany (until 1990 former territory of the FRG)","Not seasonally adjusted data","Total","Total","5.5",""
"1983","Estonia","Not seasonally adjusted data","Total","Total",":",""
"1984","Estonia","Not seasonally adjusted data","Total","Total",":",""
"1985","Estonia","Not seasonally adjusted data","Total","Total",":",""
"1986","Estonia","Not seasonally adjusted data","Total","Total",":",""
"1987","Estonia","Not seasonally adjusted data","Total","Total",":",""
"1988","Estonia","Not seasonally adjusted data","Total","Total",":",""
"1989","Estonia","Not seasonally adjusted data","Total","Total",":",""
"1990","Estonia","Not seasonally adjusted data","Total","Total",":",""
"1991","Estonia","Not seasonally adjusted data","Total","Total",":",""
"1992","Estonia","Not seasonally adjusted data","Total","Total",":",""
"1993","Estonia","Not seasonally adjusted data","Total","Total",":",""
"1994","Estonia","Not seasonally adjusted data","Total","Total",":",""
"1995","Estonia","Not seasonally adjusted data","Total","Total",":",""
"1996","Estonia","Not seasonally adjusted data","Total","Total",":",""
"1997","Estonia","Not seasonally adjusted data","Total","Total",":",""
"1998","Estonia","Not seasonally adjusted data","Total","Total",":",""
"1999","Estonia","Not seasonally adjusted data","Total","Total",":",""
"2000","Estonia","Not seasonally adjusted data","Total","Total","13.6",""
"2001","Estonia","Not seasonally adjusted data","Total","Total","12.6",""
"2002","Estonia","Not seasonally adjusted data","Total","Total","10.3",""
"2003","Estonia","Not seasonally adjusted data","Total","Total","10.1",""
"2004","Estonia","Not seasonally adjusted data","Total","Total","9.7",""
"2005","Estonia","Not seasonally adjusted data","Total","Total","7.9",""
"2006","Estonia","Not seasonally adjusted data","Total","Total","5.9",""
"2007","Estonia","Not seasonally adjusted data","Total","Total","4.6",""
"2008","Estonia","Not seasonally adjusted data","Total","Total","5.5",""
"2009","Estonia","Not seasonally adjusted data","Total","Total","13.8",""
"2010","Estonia","Not seasonally adjusted data","Total","Total","16.9",""
"2011","Estonia","Not seasonally adjusted data","Total","Total","12.5",""
"2012","Estonia","Not seasonally adjusted data","Total","Total","10.2",""
"1983","Ireland","Not seasonally adjusted data","Total","Total","13.9",""
"1984","Ireland","Not seasonally adjusted data","Total","Total","15.5",""
"1985","Ireland","Not seasonally adjusted data","Total","Total","16.8",""
"1986","Ireland","Not seasonally adjusted data","Total","Total","16.8",""
"1987","Ireland","Not seasonally adjusted data","Total","Total","16.6",""
"1988","Ireland","Not seasonally adjusted data","Total","Total","16.2",""
"1989","Ireland","Not seasonally adjusted data","Total","Total","14.7",""
"1990","Ireland","Not seasonally adjusted data","Total","Total","13.4",""
"1991","Ireland","Not seasonally adjusted data","Total","Total","14.7",""
"1992","Ireland","Not seasonally adjusted data","Total","Total","15.4",""
"1993","Ireland","Not seasonally adjusted data","Total","Total","15.6",""
"1994","Ireland","Not seasonally adjusted data","Total","Total","14.3",""
"1995","Ireland","Not seasonally adjusted data","Total","Total","12.3",""
"1996","Ireland","Not seasonally adjusted data","Total","Total","11.7",""
"1997","Ireland","Not seasonally adjusted data","Total","Total","9.9",""
"1998","Ireland","Not seasonally adjusted data","Total","Total","7.5",""
"1999","Ireland","Not seasonally adjusted data","Total","Total","5.6",""
"2000","Ireland","Not seasonally adjusted data","Total","Total","4.2",""
"2001","Ireland","Not seasonally adjusted data","Total","Total","3.9",""
"2002","Ireland","Not seasonally adjusted data","Total","Total","4.5",""
"2003","Ireland","Not seasonally adjusted data","Total","Total","4.6",""
"2004","Ireland","Not seasonally adjusted data","Total","Total","4.5",""
"2005","Ireland","Not seasonally adjusted data","Total","Total","4.4",""
"2006","Ireland","Not seasonally adjusted data","Total","Total","4.5",""
"2007","Ireland","Not seasonally adjusted data","Total","Total","4.7",""
"2008","Ireland","Not seasonally adjusted data","Total","Total","6.4",""
"2009","Ireland","Not seasonally adjusted data","Total","Total","12.0",""
"2010","Ireland","Not seasonally adjusted data","Total","Total","13.9",""
"2011","Ireland","Not seasonally adjusted data","Total","Total","14.7",""
"2012","Ireland","Not seasonally adjusted data","Total","Total","14.7",""
"1983","Greece","Not seasonally adjusted data","Total","Total",":",""
"1984","Greece","Not seasonally adjusted data","Total","Total",":",""
"1985","Greece","Not seasonally adjusted data","Total","Total",":",""
"1986","Greece","Not seasonally adjusted data","Total","Total",":",""
"1987","Greece","Not seasonally adjusted data","Total","Total",":",""
"1988","Greece","Not seasonally adjusted data","Total","Total",":",""
"1989","Greece","Not seasonally adjusted data","Total","Total",":",""
"1990","Greece","Not seasonally adjusted data","Total","Total",":",""
"1991","Greece","Not seasonally adjusted data","Total","Total",":",""
"1992","Greece","Not seasonally adjusted data","Total","Total",":",""
"1993","Greece","Not seasonally adjusted data","Total","Total",":",""
"1994","Greece","Not seasonally adjusted data","Total","Total",":",""
"1995","Greece","Not seasonally adjusted data","Total","Total",":",""
"1996","Greece","Not seasonally adjusted data","Total","Total",":",""
"1997","Greece","Not seasonally adjusted data","Total","Total",":",""
"1998","Greece","Not seasonally adjusted data","Total","Total","11.1",""
"1999","Greece","Not seasonally adjusted data","Total","Total","12.0",""
"2000","Greece","Not seasonally adjusted data","Total","Total","11.2",""
"2001","Greece","Not seasonally adjusted data","Total","Total","10.7",""
"2002","Greece","Not seasonally adjusted data","Total","Total","10.3",""
"2003","Greece","Not seasonally adjusted data","Total","Total","9.7",""
"2004","Greece","Not seasonally adjusted data","Total","Total","10.5",""
"2005","Greece","Not seasonally adjusted data","Total","Total","9.9",""
"2006","Greece","Not seasonally adjusted data","Total","Total","8.9",""
"2007","Greece","Not seasonally adjusted data","Total","Total","8.3",""
"2008","Greece","Not seasonally adjusted data","Total","Total","7.7",""
"2009","Greece","Not seasonally adjusted data","Total","Total","9.5",""
"2010","Greece","Not seasonally adjusted data","Total","Total","12.6",""
"2011","Greece","Not seasonally adjusted data","Total","Total","17.7",""
"2012","Greece","Not seasonally adjusted data","Total","Total","24.3",""
"1983","Spain","Not seasonally adjusted data","Total","Total",":",""
"1984","Spain","Not seasonally adjusted data","Total","Total",":",""
"1985","Spain","Not seasonally adjusted data","Total","Total",":",""
"1986","Spain","Not seasonally adjusted data","Total","Total",":",""
"1987","Spain","Not seasonally adjusted data","Total","Total","18.5",""
"1988","Spain","Not seasonally adjusted data","Total","Total","17.5",""
"1989","Spain","Not seasonally adjusted data","Total","Total","15.5",""
"1990","Spain","Not seasonally adjusted data","Total","Total","14.4",""
"1991","Spain","Not seasonally adjusted data","Total","Total","14.5",""
"1992","Spain","Not seasonally adjusted data","Total","Total","16.3",""
"1993","Spain","Not seasonally adjusted data","Total","Total","20.1",""
"1994","Spain","Not seasonally adjusted data","Total","Total","21.3",""
"1995","Spain","Not seasonally adjusted data","Total","Total","20.0",""
"1996","Spain","Not seasonally adjusted data","Total","Total","19.1",""
"1997","Spain","Not seasonally adjusted data","Total","Total","17.8",""
"1998","Spain","Not seasonally adjusted data","Total","Total","15.9",""
"1999","Spain","Not seasonally adjusted data","Total","Total","13.2",""
"2000","Spain","Not seasonally adjusted data","Total","Total","11.7",""
"2001","Spain","Not seasonally adjusted data","Total","Total","10.5",""
"2002","Spain","Not seasonally adjusted data","Total","Total","11.4",""
"2003","Spain","Not seasonally adjusted data","Total","Total","11.4",""
"2004","Spain","Not seasonally adjusted data","Total","Total","10.9",""
"2005","Spain","Not seasonally adjusted data","Total","Total","9.2",""
"2006","Spain","Not seasonally adjusted data","Total","Total","8.5",""
"2007","Spain","Not seasonally adjusted data","Total","Total","8.3",""
"2008","Spain","Not seasonally adjusted data","Total","Total","11.3",""
"2009","Spain","Not seasonally adjusted data","Total","Total","18.0",""
"2010","Spain","Not seasonally adjusted data","Total","Total","20.1",""
"2011","Spain","Not seasonally adjusted data","Total","Total","21.7",""
"2012","Spain","Not seasonally adjusted data","Total","Total","25.0",""
"1983","France","Not seasonally adjusted data","Total","Total","7.1",""
"1984","France","Not seasonally adjusted data","Total","Total","8.5",""
"1985","France","Not seasonally adjusted data","Total","Total","8.9",""
"1986","France","Not seasonally adjusted data","Total","Total","9.1",""
"1987","France","Not seasonally adjusted data","Total","Total","9.3",""
"1988","France","Not seasonally adjusted data","Total","Total","8.8",""
"1989","France","Not seasonally adjusted data","Total","Total","8.4",""
"1990","France","Not seasonally adjusted data","Total","Total","8.0",""
"1991","France","Not seasonally adjusted data","Total","Total","8.4",""
"1992","France","Not seasonally adjusted data","Total","Total","9.3",""
"1993","France","Not seasonally adjusted data","Total","Total","10.6",""
"1994","France","Not seasonally adjusted data","Total","Total","11.1",""
"1995","France","Not seasonally adjusted data","Total","Total","10.5",""
"1996","France","Not seasonally adjusted data","Total","Total","11.0",""
"1997","France","Not seasonally adjusted data","Total","Total","11.1",""
"1998","France","Not seasonally adjusted data","Total","Total","10.7",""
"1999","France","Not seasonally adjusted data","Total","Total","10.4",""
"2000","France","Not seasonally adjusted data","Total","Total","9.0",""
"2001","France","Not seasonally adjusted data","Total","Total","8.2",""
"2002","France","Not seasonally adjusted data","Total","Total","8.3",""
"2003","France","Not seasonally adjusted data","Total","Total","8.9",""
"2004","France","Not seasonally adjusted data","Total","Total","9.3",""
"2005","France","Not seasonally adjusted data","Total","Total","9.3",""
"2006","France","Not seasonally adjusted data","Total","Total","9.2",""
"2007","France","Not seasonally adjusted data","Total","Total","8.4",""
"2008","France","Not seasonally adjusted data","Total","Total","7.8",""
"2009","France","Not seasonally adjusted data","Total","Total","9.5",""
"2010","France","Not seasonally adjusted data","Total","Total","9.7",""
"2011","France","Not seasonally adjusted data","Total","Total","9.6",""
"2012","France","Not seasonally adjusted data","Total","Total","10.2",""
"1983","Italy","Not seasonally adjusted data","Total","Total","7.4","p"
"1984","Italy","Not seasonally adjusted data","Total","Total","7.9","p"
"1985","Italy","Not seasonally adjusted data","Total","Total","8.2","p"
"1986","Italy","Not seasonally adjusted data","Total","Total","8.9","p"
"1987","Italy","Not seasonally adjusted data","Total","Total","9.6","p"
"1988","Italy","Not seasonally adjusted data","Total","Total","9.7","p"
"1989","Italy","Not seasonally adjusted data","Total","Total","9.7","p"
"1990","Italy","Not seasonally adjusted data","Total","Total","8.9","p"
"1991","Italy","Not seasonally adjusted data","Total","Total","8.5","p"
"1992","Italy","Not seasonally adjusted data","Total","Total","8.8",""
"1993","Italy","Not seasonally adjusted data","Total","Total","9.7",""
"1994","Italy","Not seasonally adjusted data","Total","Total","10.6",""
"1995","Italy","Not seasonally adjusted data","Total","Total","11.2",""
"1996","Italy","Not seasonally adjusted data","Total","Total","11.2",""
"1997","Italy","Not seasonally adjusted data","Total","Total","11.2",""
"1998","Italy","Not seasonally adjusted data","Total","Total","11.3",""
"1999","Italy","Not seasonally adjusted data","Total","Total","10.9",""
"2000","Italy","Not seasonally adjusted data","Total","Total","10.0",""
"2001","Italy","Not seasonally adjusted data","Total","Total","9.0",""
"2002","Italy","Not seasonally adjusted data","Total","Total","8.5",""
"2003","Italy","Not seasonally adjusted data","Total","Total","8.4",""
"2004","Italy","Not seasonally adjusted data","Total","Total","8.0",""
"2005","Italy","Not seasonally adjusted data","Total","Total","7.7",""
"2006","Italy","Not seasonally adjusted data","Total","Total","6.8",""
"2007","Italy","Not seasonally adjusted data","Total","Total","6.1",""
"2008","Italy","Not seasonally adjusted data","Total","Total","6.7",""
"2009","Italy","Not seasonally adjusted data","Total","Total","7.8",""
"2010","Italy","Not seasonally adjusted data","Total","Total","8.4",""
"2011","Italy","Not seasonally adjusted data","Total","Total","8.4",""
"2012","Italy","Not seasonally adjusted data","Total","Total","10.7",""
"1983","Cyprus","Not seasonally adjusted data","Total","Total",":",""
"1984","Cyprus","Not seasonally adjusted data","Total","Total",":",""
"1985","Cyprus","Not seasonally adjusted data","Total","Total",":",""
"1986","Cyprus","Not seasonally adjusted data","Total","Total",":",""
"1987","Cyprus","Not seasonally adjusted data","Total","Total",":",""
"1988","Cyprus","Not seasonally adjusted data","Total","Total",":",""
"1989","Cyprus","Not seasonally adjusted data","Total","Total",":",""
"1990","Cyprus","Not seasonally adjusted data","Total","Total",":",""
"1991","Cyprus","Not seasonally adjusted data","Total","Total",":",""
"1992","Cyprus","Not seasonally adjusted data","Total","Total",":",""
"1993","Cyprus","Not seasonally adjusted data","Total","Total",":",""
"1994","Cyprus","Not seasonally adjusted data","Total","Total",":",""
"1995","Cyprus","Not seasonally adjusted data","Total","Total",":",""
"1996","Cyprus","Not seasonally adjusted data","Total","Total",":",""
"1997","Cyprus","Not seasonally adjusted data","Total","Total",":",""
"1998","Cyprus","Not seasonally adjusted data","Total","Total",":",""
"1999","Cyprus","Not seasonally adjusted data","Total","Total",":",""
"2000","Cyprus","Not seasonally adjusted data","Total","Total","4.8",""
"2001","Cyprus","Not seasonally adjusted data","Total","Total","3.9",""
"2002","Cyprus","Not seasonally adjusted data","Total","Total","3.5",""
"2003","Cyprus","Not seasonally adjusted data","Total","Total","4.1",""
"2004","Cyprus","Not seasonally adjusted data","Total","Total","4.6",""
"2005","Cyprus","Not seasonally adjusted data","Total","Total","5.3",""
"2006","Cyprus","Not seasonally adjusted data","Total","Total","4.6",""
"2007","Cyprus","Not seasonally adjusted data","Total","Total","3.9",""
"2008","Cyprus","Not seasonally adjusted data","Total","Total","3.7",""
"2009","Cyprus","Not seasonally adjusted data","Total","Total","5.4",""
"2010","Cyprus","Not seasonally adjusted data","Total","Total","6.3",""
"2011","Cyprus","Not seasonally adjusted data","Total","Total","7.9",""
"2012","Cyprus","Not seasonally adjusted data","Total","Total","11.9",""
"1983","Latvia","Not seasonally adjusted data","Total","Total",":",""
"1984","Latvia","Not seasonally adjusted data","Total","Total",":",""
"1985","Latvia","Not seasonally adjusted data","Total","Total",":",""
"1986","Latvia","Not seasonally adjusted data","Total","Total",":",""
"1987","Latvia","Not seasonally adjusted data","Total","Total",":",""
"1988","Latvia","Not seasonally adjusted data","Total","Total",":",""
"1989","Latvia","Not seasonally adjusted data","Total","Total",":",""
"1990","Latvia","Not seasonally adjusted data","Total","Total",":",""
"1991","Latvia","Not seasonally adjusted data","Total","Total",":",""
"1992","Latvia","Not seasonally adjusted data","Total","Total",":",""
"1993","Latvia","Not seasonally adjusted data","Total","Total",":",""
"1994","Latvia","Not seasonally adjusted data","Total","Total",":",""
"1995","Latvia","Not seasonally adjusted data","Total","Total",":",""
"1996","Latvia","Not seasonally adjusted data","Total","Total",":",""
"1997","Latvia","Not seasonally adjusted data","Total","Total",":",""
"1998","Latvia","Not seasonally adjusted data","Total","Total","14.3",""
"1999","Latvia","Not seasonally adjusted data","Total","Total","14.0",""
"2000","Latvia","Not seasonally adjusted data","Total","Total","13.7",""
"2001","Latvia","Not seasonally adjusted data","Total","Total","12.9",""
"2002","Latvia","Not seasonally adjusted data","Total","Total","12.8",""
"2003","Latvia","Not seasonally adjusted data","Total","Total","11.3",""
"2004","Latvia","Not seasonally adjusted data","Total","Total","11.2",""
"2005","Latvia","Not seasonally adjusted data","Total","Total","9.6",""
"2006","Latvia","Not seasonally adjusted data","Total","Total","7.3",""
"2007","Latvia","Not seasonally adjusted data","Total","Total","6.5",""
"2008","Latvia","Not seasonally adjusted data","Total","Total","8.0",""
"2009","Latvia","Not seasonally adjusted data","Total","Total","18.2",""
"2010","Latvia","Not seasonally adjusted data","Total","Total","19.8",""
"2011","Latvia","Not seasonally adjusted data","Total","Total","16.2",""
"2012","Latvia","Not seasonally adjusted data","Total","Total","14.9",""
"1983","Lithuania","Not seasonally adjusted data","Total","Total",":",""
"1984","Lithuania","Not seasonally adjusted data","Total","Total",":",""
"1985","Lithuania","Not seasonally adjusted data","Total","Total",":",""
"1986","Lithuania","Not seasonally adjusted data","Total","Total",":",""
"1987","Lithuania","Not seasonally adjusted data","Total","Total",":",""
"1988","Lithuania","Not seasonally adjusted data","Total","Total",":",""
"1989","Lithuania","Not seasonally adjusted data","Total","Total",":",""
"1990","Lithuania","Not seasonally adjusted data","Total","Total",":",""
"1991","Lithuania","Not seasonally adjusted data","Total","Total",":",""
"1992","Lithuania","Not seasonally adjusted data","Total","Total",":",""
"1993","Lithuania","Not seasonally adjusted data","Total","Total",":",""
"1994","Lithuania","Not seasonally adjusted data","Total","Total",":",""
"1995","Lithuania","Not seasonally adjusted data","Total","Total",":",""
"1996","Lithuania","Not seasonally adjusted data","Total","Total",":",""
"1997","Lithuania","Not seasonally adjusted data","Total","Total",":",""
"1998","Lithuania","Not seasonally adjusted data","Total","Total","13.2",""
"1999","Lithuania","Not seasonally adjusted data","Total","Total","14.6",""
"2000","Lithuania","Not seasonally adjusted data","Total","Total","16.4",""
"2001","Lithuania","Not seasonally adjusted data","Total","Total","17.4","s"
"2002","Lithuania","Not seasonally adjusted data","Total","Total","13.8","s"
"2003","Lithuania","Not seasonally adjusted data","Total","Total","12.4","s"
"2004","Lithuania","Not seasonally adjusted data","Total","Total","11.3","s"
"2005","Lithuania","Not seasonally adjusted data","Total","Total","8.0","s"
"2006","Lithuania","Not seasonally adjusted data","Total","Total","5.2","s"
"2007","Lithuania","Not seasonally adjusted data","Total","Total","3.8","s"
"2008","Lithuania","Not seasonally adjusted data","Total","Total","5.3","s"
"2009","Lithuania","Not seasonally adjusted data","Total","Total","13.6","s"
"2010","Lithuania","Not seasonally adjusted data","Total","Total","18.0","s"
"2011","Lithuania","Not seasonally adjusted data","Total","Total","15.3",""
"2012","Lithuania","Not seasonally adjusted data","Total","Total","13.3",""
"1983","Luxembourg","Not seasonally adjusted data","Total","Total","3.4",""
"1984","Luxembourg","Not seasonally adjusted data","Total","Total","3.0",""
"1985","Luxembourg","Not seasonally adjusted data","Total","Total","2.9",""
"1986","Luxembourg","Not seasonally adjusted data","Total","Total","2.6",""
"1987","Luxembourg","Not seasonally adjusted data","Total","Total","2.5",""
"1988","Luxembourg","Not seasonally adjusted data","Total","Total","2.0",""
"1989","Luxembourg","Not seasonally adjusted data","Total","Total","1.8",""
"1990","Luxembourg","Not seasonally adjusted data","Total","Total","1.7",""
"1991","Luxembourg","Not seasonally adjusted data","Total","Total","1.6",""
"1992","Luxembourg","Not seasonally adjusted data","Total","Total","2.1",""
"1993","Luxembourg","Not seasonally adjusted data","Total","Total","2.6",""
"1994","Luxembourg","Not seasonally adjusted data","Total","Total","3.2",""
"1995","Luxembourg","Not seasonally adjusted data","Total","Total","2.9",""
"1996","Luxembourg","Not seasonally adjusted data","Total","Total","2.9",""
"1997","Luxembourg","Not seasonally adjusted data","Total","Total","2.7",""
"1998","Luxembourg","Not seasonally adjusted data","Total","Total","2.7",""
"1999","Luxembourg","Not seasonally adjusted data","Total","Total","2.4",""
"2000","Luxembourg","Not seasonally adjusted data","Total","Total","2.2",""
"2001","Luxembourg","Not seasonally adjusted data","Total","Total","1.9",""
"2002","Luxembourg","Not seasonally adjusted data","Total","Total","2.6",""
"2003","Luxembourg","Not seasonally adjusted data","Total","Total","3.8",""
"2004","Luxembourg","Not seasonally adjusted data","Total","Total","5.0",""
"2005","Luxembourg","Not seasonally adjusted data","Total","Total","4.6",""
"2006","Luxembourg","Not seasonally adjusted data","Total","Total","4.6",""
"2007","Luxembourg","Not seasonally adjusted data","Total","Total","4.2",""
"2008","Luxembourg","Not seasonally adjusted data","Total","Total","4.9",""
"2009","Luxembourg","Not seasonally adjusted data","Total","Total","5.1",""
"2010","Luxembourg","Not seasonally adjusted data","Total","Total","4.6",""
"2011","Luxembourg","Not seasonally adjusted data","Total","Total","4.8",""
"2012","Luxembourg","Not seasonally adjusted data","Total","Total","5.1",""
"1983","Hungary","Not seasonally adjusted data","Total","Total",":",""
"1984","Hungary","Not seasonally adjusted data","Total","Total",":",""
"1985","Hungary","Not seasonally adjusted data","Total","Total",":",""
"1986","Hungary","Not seasonally adjusted data","Total","Total",":",""
"1987","Hungary","Not seasonally adjusted data","Total","Total",":",""
"1988","Hungary","Not seasonally adjusted data","Total","Total",":",""
"1989","Hungary","Not seasonally adjusted data","Total","Total",":",""
"1990","Hungary","Not seasonally adjusted data","Total","Total",":",""
"1991","Hungary","Not seasonally adjusted data","Total","Total",":",""
"1992","Hungary","Not seasonally adjusted data","Total","Total",":",""
"1993","Hungary","Not seasonally adjusted data","Total","Total",":",""
"1994","Hungary","Not seasonally adjusted data","Total","Total",":",""
"1995","Hungary","Not seasonally adjusted data","Total","Total",":",""
"1996","Hungary","Not seasonally adjusted data","Total","Total","9.9",""
"1997","Hungary","Not seasonally adjusted data","Total","Total","9.1",""
"1998","Hungary","Not seasonally adjusted data","Total","Total","8.7",""
"1999","Hungary","Not seasonally adjusted data","Total","Total","6.9",""
"2000","Hungary","Not seasonally adjusted data","Total","Total","6.3",""
"2001","Hungary","Not seasonally adjusted data","Total","Total","5.6",""
"2002","Hungary","Not seasonally adjusted data","Total","Total","5.6",""
"2003","Hungary","Not seasonally adjusted data","Total","Total","5.8",""
"2004","Hungary","Not seasonally adjusted data","Total","Total","6.1",""
"2005","Hungary","Not seasonally adjusted data","Total","Total","7.2",""
"2006","Hungary","Not seasonally adjusted data","Total","Total","7.5",""
"2007","Hungary","Not seasonally adjusted data","Total","Total","7.4",""
"2008","Hungary","Not seasonally adjusted data","Total","Total","7.8",""
"2009","Hungary","Not seasonally adjusted data","Total","Total","10.0",""
"2010","Hungary","Not seasonally adjusted data","Total","Total","11.2",""
"2011","Hungary","Not seasonally adjusted data","Total","Total","10.9",""
"2012","Hungary","Not seasonally adjusted data","Total","Total","10.9",""
"1983","Malta","Not seasonally adjusted data","Total","Total",":",""
"1984","Malta","Not seasonally adjusted data","Total","Total",":",""
"1985","Malta","Not seasonally adjusted data","Total","Total",":",""
"1986","Malta","Not seasonally adjusted data","Total","Total",":",""
"1987","Malta","Not seasonally adjusted data","Total","Total",":",""
"1988","Malta","Not seasonally adjusted data","Total","Total",":",""
"1989","Malta","Not seasonally adjusted data","Total","Total",":",""
"1990","Malta","Not seasonally adjusted data","Total","Total",":",""
"1991","Malta","Not seasonally adjusted data","Total","Total",":",""
"1992","Malta","Not seasonally adjusted data","Total","Total",":",""
"1993","Malta","Not seasonally adjusted data","Total","Total",":",""
"1994","Malta","Not seasonally adjusted data","Total","Total",":",""
"1995","Malta","Not seasonally adjusted data","Total","Total",":",""
"1996","Malta","Not seasonally adjusted data","Total","Total",":",""
"1997","Malta","Not seasonally adjusted data","Total","Total",":",""
"1998","Malta","Not seasonally adjusted data","Total","Total",":",""
"1999","Malta","Not seasonally adjusted data","Total","Total",":",""
"2000","Malta","Not seasonally adjusted data","Total","Total","6.7",""
"2001","Malta","Not seasonally adjusted data","Total","Total","7.6",""
"2002","Malta","Not seasonally adjusted data","Total","Total","7.4",""
"2003","Malta","Not seasonally adjusted data","Total","Total","7.7",""
"2004","Malta","Not seasonally adjusted data","Total","Total","7.2",""
"2005","Malta","Not seasonally adjusted data","Total","Total","7.3",""
"2006","Malta","Not seasonally adjusted data","Total","Total","6.9",""
"2007","Malta","Not seasonally adjusted data","Total","Total","6.5",""
"2008","Malta","Not seasonally adjusted data","Total","Total","6.0",""
"2009","Malta","Not seasonally adjusted data","Total","Total","6.9",""
"2010","Malta","Not seasonally adjusted data","Total","Total","6.9",""
"2011","Malta","Not seasonally adjusted data","Total","Total","6.5",""
"2012","Malta","Not seasonally adjusted data","Total","Total","6.4",""
"1983","Netherlands","Not seasonally adjusted data","Total","Total","8.3",""
"1984","Netherlands","Not seasonally adjusted data","Total","Total","8.1",""
"1985","Netherlands","Not seasonally adjusted data","Total","Total","7.3",""
"1986","Netherlands","Not seasonally adjusted data","Total","Total","6.5",""
"1987","Netherlands","Not seasonally adjusted data","Total","Total","6.3",""
"1988","Netherlands","Not seasonally adjusted data","Total","Total","6.2",""
"1989","Netherlands","Not seasonally adjusted data","Total","Total","5.7",""
"1990","Netherlands","Not seasonally adjusted data","Total","Total","5.1",""
"1991","Netherlands","Not seasonally adjusted data","Total","Total","4.8",""
"1992","Netherlands","Not seasonally adjusted data","Total","Total","4.9",""
"1993","Netherlands","Not seasonally adjusted data","Total","Total","5.5",""
"1994","Netherlands","Not seasonally adjusted data","Total","Total","6.2",""
"1995","Netherlands","Not seasonally adjusted data","Total","Total","7.1",""
"1996","Netherlands","Not seasonally adjusted data","Total","Total","6.4",""
"1997","Netherlands","Not seasonally adjusted data","Total","Total","5.5",""
"1998","Netherlands","Not seasonally adjusted data","Total","Total","4.3",""
"1999","Netherlands","Not seasonally adjusted data","Total","Total","3.5",""
"2000","Netherlands","Not seasonally adjusted data","Total","Total","3.1",""
"2001","Netherlands","Not seasonally adjusted data","Total","Total","2.5",""
"2002","Netherlands","Not seasonally adjusted data","Total","Total","3.1",""
"2003","Netherlands","Not seasonally adjusted data","Total","Total","4.2",""
"2004","Netherlands","Not seasonally adjusted data","Total","Total","5.1",""
"2005","Netherlands","Not seasonally adjusted data","Total","Total","5.3",""
"2006","Netherlands","Not seasonally adjusted data","Total","Total","4.4",""
"2007","Netherlands","Not seasonally adjusted data","Total","Total","3.6",""
"2008","Netherlands","Not seasonally adjusted data","Total","Total","3.1",""
"2009","Netherlands","Not seasonally adjusted data","Total","Total","3.7",""
"2010","Netherlands","Not seasonally adjusted data","Total","Total","4.5",""
"2011","Netherlands","Not seasonally adjusted data","Total","Total","4.4",""
"2012","Netherlands","Not seasonally adjusted data","Total","Total","5.3",""
"1983","Austria","Not seasonally adjusted data","Total","Total",":",""
"1984","Austria","Not seasonally adjusted data","Total","Total",":",""
"1985","Austria","Not seasonally adjusted data","Total","Total",":",""
"1986","Austria","Not seasonally adjusted data","Total","Total",":",""
"1987","Austria","Not seasonally adjusted data","Total","Total",":",""
"1988","Austria","Not seasonally adjusted data","Total","Total",":",""
"1989","Austria","Not seasonally adjusted data","Total","Total",":",""
"1990","Austria","Not seasonally adjusted data","Total","Total",":",""
"1991","Austria","Not seasonally adjusted data","Total","Total",":",""
"1992","Austria","Not seasonally adjusted data","Total","Total",":",""
"1993","Austria","Not seasonally adjusted data","Total","Total",":",""
"1994","Austria","Not seasonally adjusted data","Total","Total","3.8",""
"1995","Austria","Not seasonally adjusted data","Total","Total","3.9",""
"1996","Austria","Not seasonally adjusted data","Total","Total","4.3",""
"1997","Austria","Not seasonally adjusted data","Total","Total","4.4",""
"1998","Austria","Not seasonally adjusted data","Total","Total","4.5",""
"1999","Austria","Not seasonally adjusted data","Total","Total","3.9",""
"2000","Austria","Not seasonally adjusted data","Total","Total","3.6",""
"2001","Austria","Not seasonally adjusted data","Total","Total","3.6",""
"2002","Austria","Not seasonally adjusted data","Total","Total","4.2",""
"2003","Austria","Not seasonally adjusted data","Total","Total","4.3",""
"2004","Austria","Not seasonally adjusted data","Total","Total","4.9",""
"2005","Austria","Not seasonally adjusted data","Total","Total","5.2",""
"2006","Austria","Not seasonally adjusted data","Total","Total","4.8",""
"2007","Austria","Not seasonally adjusted data","Total","Total","4.4",""
"2008","Austria","Not seasonally adjusted data","Total","Total","3.8",""
"2009","Austria","Not seasonally adjusted data","Total","Total","4.8",""
"2010","Austria","Not seasonally adjusted data","Total","Total","4.4",""
"2011","Austria","Not seasonally adjusted data","Total","Total","4.2",""
"2012","Austria","Not seasonally adjusted data","Total","Total","4.3",""
"1983","Poland","Not seasonally adjusted data","Total","Total",":",""
"1984","Poland","Not seasonally adjusted data","Total","Total",":",""
"1985","Poland","Not seasonally adjusted data","Total","Total",":",""
"1986","Poland","Not seasonally adjusted data","Total","Total",":",""
"1987","Poland","Not seasonally adjusted data","Total","Total",":",""
"1988","Poland","Not seasonally adjusted data","Total","Total",":",""
"1989","Poland","Not seasonally adjusted data","Total","Total",":",""
"1990","Poland","Not seasonally adjusted data","Total","Total",":",""
"1991","Poland","Not seasonally adjusted data","Total","Total",":",""
"1992","Poland","Not seasonally adjusted data","Total","Total",":",""
"1993","Poland","Not seasonally adjusted data","Total","Total",":",""
"1994","Poland","Not seasonally adjusted data","Total","Total",":",""
"1995","Poland","Not seasonally adjusted data","Total","Total",":",""
"1996","Poland","Not seasonally adjusted data","Total","Total",":",""
"1997","Poland","Not seasonally adjusted data","Total","Total","10.9",""
"1998","Poland","Not seasonally adjusted data","Total","Total","10.2",""
"1999","Poland","Not seasonally adjusted data","Total","Total","13.4",""
"2000","Poland","Not seasonally adjusted data","Total","Total","16.1",""
"2001","Poland","Not seasonally adjusted data","Total","Total","18.3",""
"2002","Poland","Not seasonally adjusted data","Total","Total","20.0",""
"2003","Poland","Not seasonally adjusted data","Total","Total","19.8",""
"2004","Poland","Not seasonally adjusted data","Total","Total","19.1",""
"2005","Poland","Not seasonally adjusted data","Total","Total","17.9",""
"2006","Poland","Not seasonally adjusted data","Total","Total","13.9",""
"2007","Poland","Not seasonally adjusted data","Total","Total","9.6",""
"2008","Poland","Not seasonally adjusted data","Total","Total","7.1",""
"2009","Poland","Not seasonally adjusted data","Total","Total","8.1",""
"2010","Poland","Not seasonally adjusted data","Total","Total","9.7",""
"2011","Poland","Not seasonally adjusted data","Total","Total","9.7",""
"2012","Poland","Not seasonally adjusted data","Total","Total","10.1",""
"1983","Portugal","Not seasonally adjusted data","Total","Total","8.2",""
"1984","Portugal","Not seasonally adjusted data","Total","Total","8.9",""
"1985","Portugal","Not seasonally adjusted data","Total","Total","9.1",""
"1986","Portugal","Not seasonally adjusted data","Total","Total","8.8",""
"1987","Portugal","Not seasonally adjusted data","Total","Total","7.2",""
"1988","Portugal","Not seasonally adjusted data","Total","Total","5.8",""
"1989","Portugal","Not seasonally adjusted data","Total","Total","5.2",""
"1990","Portugal","Not seasonally adjusted data","Total","Total","4.8",""
"1991","Portugal","Not seasonally adjusted data","Total","Total","4.2",""
"1992","Portugal","Not seasonally adjusted data","Total","Total","4.1",""
"1993","Portugal","Not seasonally adjusted data","Total","Total","5.5",""
"1994","Portugal","Not seasonally adjusted data","Total","Total","6.8",""
"1995","Portugal","Not seasonally adjusted data","Total","Total","7.2",""
"1996","Portugal","Not seasonally adjusted data","Total","Total","7.2",""
"1997","Portugal","Not seasonally adjusted data","Total","Total","6.7",""
"1998","Portugal","Not seasonally adjusted data","Total","Total","5.6","e"
"1999","Portugal","Not seasonally adjusted data","Total","Total","5.0","e"
"2000","Portugal","Not seasonally adjusted data","Total","Total","4.5","e"
"2001","Portugal","Not seasonally adjusted data","Total","Total","4.6","e"
"2002","Portugal","Not seasonally adjusted data","Total","Total","5.7","e"
"2003","Portugal","Not seasonally adjusted data","Total","Total","7.1","e"
"2004","Portugal","Not seasonally adjusted data","Total","Total","7.5","e"
"2005","Portugal","Not seasonally adjusted data","Total","Total","8.6","e"
"2006","Portugal","Not seasonally adjusted data","Total","Total","8.6","e"
"2007","Portugal","Not seasonally adjusted data","Total","Total","8.9","e"
"2008","Portugal","Not seasonally adjusted data","Total","Total","8.5","e"
"2009","Portugal","Not seasonally adjusted data","Total","Total","10.6","e"
"2010","Portugal","Not seasonally adjusted data","Total","Total","12.0","e"
"2011","Portugal","Not seasonally adjusted data","Total","Total","12.9",""
"2012","Portugal","Not seasonally adjusted data","Total","Total","15.9",""
"1983","Romania","Not seasonally adjusted data","Total","Total",":",""
"1984","Romania","Not seasonally adjusted data","Total","Total",":",""
"1985","Romania","Not seasonally adjusted data","Total","Total",":",""
"1986","Romania","Not seasonally adjusted data","Total","Total",":",""
"1987","Romania","Not seasonally adjusted data","Total","Total",":",""
"1988","Romania","Not seasonally adjusted data","Total","Total",":",""
"1989","Romania","Not seasonally adjusted data","Total","Total",":",""
"1990","Romania","Not seasonally adjusted data","Total","Total",":",""
"1991","Romania","Not seasonally adjusted data","Total","Total",":",""
"1992","Romania","Not seasonally adjusted data","Total","Total",":",""
"1993","Romania","Not seasonally adjusted data","Total","Total",":",""
"1994","Romania","Not seasonally adjusted data","Total","Total",":",""
"1995","Romania","Not seasonally adjusted data","Total","Total",":",""
"1996","Romania","Not seasonally adjusted data","Total","Total",":",""
"1997","Romania","Not seasonally adjusted data","Total","Total","5.3",""
"1998","Romania","Not seasonally adjusted data","Total","Total","5.4",""
"1999","Romania","Not seasonally adjusted data","Total","Total","6.2",""
"2000","Romania","Not seasonally adjusted data","Total","Total","6.8",""
"2001","Romania","Not seasonally adjusted data","Total","Total","6.6",""
"2002","Romania","Not seasonally adjusted data","Total","Total","7.5",""
"2003","Romania","Not seasonally adjusted data","Total","Total","6.8",""
"2004","Romania","Not seasonally adjusted data","Total","Total","8.0",""
"2005","Romania","Not seasonally adjusted data","Total","Total","7.2",""
"2006","Romania","Not seasonally adjusted data","Total","Total","7.3",""
"2007","Romania","Not seasonally adjusted data","Total","Total","6.4",""
"2008","Romania","Not seasonally adjusted data","Total","Total","5.8",""
"2009","Romania","Not seasonally adjusted data","Total","Total","6.9",""
"2010","Romania","Not seasonally adjusted data","Total","Total","7.3",""
"2011","Romania","Not seasonally adjusted data","Total","Total","7.4",""
"2012","Romania","Not seasonally adjusted data","Total","Total","7.0",""
"1983","Slovenia","Not seasonally adjusted data","Total","Total",":",""
"1984","Slovenia","Not seasonally adjusted data","Total","Total",":",""
"1985","Slovenia","Not seasonally adjusted data","Total","Total",":",""
"1986","Slovenia","Not seasonally adjusted data","Total","Total",":",""
"1987","Slovenia","Not seasonally adjusted data","Total","Total",":",""
"1988","Slovenia","Not seasonally adjusted data","Total","Total",":",""
"1989","Slovenia","Not seasonally adjusted data","Total","Total",":",""
"1990","Slovenia","Not seasonally adjusted data","Total","Total",":",""
"1991","Slovenia","Not seasonally adjusted data","Total","Total",":",""
"1992","Slovenia","Not seasonally adjusted data","Total","Total",":",""
"1993","Slovenia","Not seasonally adjusted data","Total","Total",":",""
"1994","Slovenia","Not seasonally adjusted data","Total","Total",":",""
"1995","Slovenia","Not seasonally adjusted data","Total","Total",":",""
"1996","Slovenia","Not seasonally adjusted data","Total","Total","6.9",""
"1997","Slovenia","Not seasonally adjusted data","Total","Total","6.9",""
"1998","Slovenia","Not seasonally adjusted data","Total","Total","7.4",""
"1999","Slovenia","Not seasonally adjusted data","Total","Total","7.3",""
"2000","Slovenia","Not seasonally adjusted data","Total","Total","6.7",""
"2001","Slovenia","Not seasonally adjusted data","Total","Total","6.2",""
"2002","Slovenia","Not seasonally adjusted data","Total","Total","6.3",""
"2003","Slovenia","Not seasonally adjusted data","Total","Total","6.7",""
"2004","Slovenia","Not seasonally adjusted data","Total","Total","6.3",""
"2005","Slovenia","Not seasonally adjusted data","Total","Total","6.5",""
"2006","Slovenia","Not seasonally adjusted data","Total","Total","6.0",""
"2007","Slovenia","Not seasonally adjusted data","Total","Total","4.9",""
"2008","Slovenia","Not seasonally adjusted data","Total","Total","4.4",""
"2009","Slovenia","Not seasonally adjusted data","Total","Total","5.9",""
"2010","Slovenia","Not seasonally adjusted data","Total","Total","7.3",""
"2011","Slovenia","Not seasonally adjusted data","Total","Total","8.2",""
"2012","Slovenia","Not seasonally adjusted data","Total","Total","8.9",""
"1983","Slovakia","Not seasonally adjusted data","Total","Total",":",""
"1984","Slovakia","Not seasonally adjusted data","Total","Total",":",""
"1985","Slovakia","Not seasonally adjusted data","Total","Total",":",""
"1986","Slovakia","Not seasonally adjusted data","Total","Total",":",""
"1987","Slovakia","Not seasonally adjusted data","Total","Total",":",""
"1988","Slovakia","Not seasonally adjusted data","Total","Total",":",""
"1989","Slovakia","Not seasonally adjusted data","Total","Total",":",""
"1990","Slovakia","Not seasonally adjusted data","Total","Total",":",""
"1991","Slovakia","Not seasonally adjusted data","Total","Total",":",""
"1992","Slovakia","Not seasonally adjusted data","Total","Total",":",""
"1993","Slovakia","Not seasonally adjusted data","Total","Total",":",""
"1994","Slovakia","Not seasonally adjusted data","Total","Total",":",""
"1995","Slovakia","Not seasonally adjusted data","Total","Total",":",""
"1996","Slovakia","Not seasonally adjusted data","Total","Total",":",""
"1997","Slovakia","Not seasonally adjusted data","Total","Total",":",""
"1998","Slovakia","Not seasonally adjusted data","Total","Total","12.7",""
"1999","Slovakia","Not seasonally adjusted data","Total","Total","16.5",""
"2000","Slovakia","Not seasonally adjusted data","Total","Total","18.9",""
"2001","Slovakia","Not seasonally adjusted data","Total","Total","19.5",""
"2002","Slovakia","Not seasonally adjusted data","Total","Total","18.8",""
"2003","Slovakia","Not seasonally adjusted data","Total","Total","17.7",""
"2004","Slovakia","Not seasonally adjusted data","Total","Total","18.4",""
"2005","Slovakia","Not seasonally adjusted data","Total","Total","16.4",""
"2006","Slovakia","Not seasonally adjusted data","Total","Total","13.5",""
"2007","Slovakia","Not seasonally adjusted data","Total","Total","11.2",""
"2008","Slovakia","Not seasonally adjusted data","Total","Total","9.6",""
"2009","Slovakia","Not seasonally adjusted data","Total","Total","12.1",""
"2010","Slovakia","Not seasonally adjusted data","Total","Total","14.5",""
"2011","Slovakia","Not seasonally adjusted data","Total","Total","13.6",""
"2012","Slovakia","Not seasonally adjusted data","Total","Total","14.0",""
"1983","Finland","Not seasonally adjusted data","Total","Total",":",""
"1984","Finland","Not seasonally adjusted data","Total","Total",":",""
"1985","Finland","Not seasonally adjusted data","Total","Total",":",""
"1986","Finland","Not seasonally adjusted data","Total","Total",":",""
"1987","Finland","Not seasonally adjusted data","Total","Total",":",""
"1988","Finland","Not seasonally adjusted data","Total","Total","4.2",""
"1989","Finland","Not seasonally adjusted data","Total","Total","3.1",""
"1990","Finland","Not seasonally adjusted data","Total","Total","3.2",""
"1991","Finland","Not seasonally adjusted data","Total","Total","6.6",""
"1992","Finland","Not seasonally adjusted data","Total","Total","11.7",""
"1993","Finland","Not seasonally adjusted data","Total","Total","16.3",""
"1994","Finland","Not seasonally adjusted data","Total","Total","16.6",""
"1995","Finland","Not seasonally adjusted data","Total","Total","15.4",""
"1996","Finland","Not seasonally adjusted data","Total","Total","14.6",""
"1997","Finland","Not seasonally adjusted data","Total","Total","12.7",""
"1998","Finland","Not seasonally adjusted data","Total","Total","11.4",""
"1999","Finland","Not seasonally adjusted data","Total","Total","10.2",""
"2000","Finland","Not seasonally adjusted data","Total","Total","9.8",""
"2001","Finland","Not seasonally adjusted data","Total","Total","9.1",""
"2002","Finland","Not seasonally adjusted data","Total","Total","9.1",""
"2003","Finland","Not seasonally adjusted data","Total","Total","9.0",""
"2004","Finland","Not seasonally adjusted data","Total","Total","8.8",""
"2005","Finland","Not seasonally adjusted data","Total","Total","8.4",""
"2006","Finland","Not seasonally adjusted data","Total","Total","7.7",""
"2007","Finland","Not seasonally adjusted data","Total","Total","6.9",""
"2008","Finland","Not seasonally adjusted data","Total","Total","6.4",""
"2009","Finland","Not seasonally adjusted data","Total","Total","8.2",""
"2010","Finland","Not seasonally adjusted data","Total","Total","8.4",""
"2011","Finland","Not seasonally adjusted data","Total","Total","7.8",""
"2012","Finland","Not seasonally adjusted data","Total","Total","7.7",""
"1983","Sweden","Not seasonally adjusted data","Total","Total","3.7",""
"1984","Sweden","Not seasonally adjusted data","Total","Total","3.3",""
"1985","Sweden","Not seasonally adjusted data","Total","Total","2.9",""
"1986","Sweden","Not seasonally adjusted data","Total","Total","2.7",""
"1987","Sweden","Not seasonally adjusted data","Total","Total","2.2",""
"1988","Sweden","Not seasonally adjusted data","Total","Total","1.8",""
"1989","Sweden","Not seasonally adjusted data","Total","Total","1.6",""
"1990","Sweden","Not seasonally adjusted data","Total","Total","1.7",""
"1991","Sweden","Not seasonally adjusted data","Total","Total","3.1",""
"1992","Sweden","Not seasonally adjusted data","Total","Total","5.6",""
"1993","Sweden","Not seasonally adjusted data","Total","Total","9.1",""
"1994","Sweden","Not seasonally adjusted data","Total","Total","9.4",""
"1995","Sweden","Not seasonally adjusted data","Total","Total","8.8",""
"1996","Sweden","Not seasonally adjusted data","Total","Total","9.6",""
"1997","Sweden","Not seasonally adjusted data","Total","Total","9.9",""
"1998","Sweden","Not seasonally adjusted data","Total","Total","8.2",""
"1999","Sweden","Not seasonally adjusted data","Total","Total","6.7",""
"2000","Sweden","Not seasonally adjusted data","Total","Total","5.6",""
"2001","Sweden","Not seasonally adjusted data","Total","Total","5.8","b"
"2002","Sweden","Not seasonally adjusted data","Total","Total","6.0",""
"2003","Sweden","Not seasonally adjusted data","Total","Total","6.6",""
"2004","Sweden","Not seasonally adjusted data","Total","Total","7.4",""
"2005","Sweden","Not seasonally adjusted data","Total","Total","7.7",""
"2006","Sweden","Not seasonally adjusted data","Total","Total","7.1",""
"2007","Sweden","Not seasonally adjusted data","Total","Total","6.1",""
"2008","Sweden","Not seasonally adjusted data","Total","Total","6.2",""
"2009","Sweden","Not seasonally adjusted data","Total","Total","8.3",""
"2010","Sweden","Not seasonally adjusted data","Total","Total","8.6",""
"2011","Sweden","Not seasonally adjusted data","Total","Total","7.8",""
"2012","Sweden","Not seasonally adjusted data","Total","Total","8.0",""
"1983","United Kingdom","Not seasonally adjusted data","Total","Total","10.8",""
"1984","United Kingdom","Not seasonally adjusted data","Total","Total","10.9",""
"1985","United Kingdom","Not seasonally adjusted data","Total","Total","11.2",""
"1986","United Kingdom","Not seasonally adjusted data","Total","Total","11.2",""
"1987","United Kingdom","Not seasonally adjusted data","Total","Total","10.3",""
"1988","United Kingdom","Not seasonally adjusted data","Total","Total","8.5",""
"1989","United Kingdom","Not seasonally adjusted data","Total","Total","7.1",""
"1990","United Kingdom","Not seasonally adjusted data","Total","Total","6.9",""
"1991","United Kingdom","Not seasonally adjusted data","Total","Total","8.6",""
"1992","United Kingdom","Not seasonally adjusted data","Total","Total","9.8",""
"1993","United Kingdom","Not seasonally adjusted data","Total","Total","10.2",""
"1994","United Kingdom","Not seasonally adjusted data","Total","Total","9.3",""
"1995","United Kingdom","Not seasonally adjusted data","Total","Total","8.5",""
"1996","United Kingdom","Not seasonally adjusted data","Total","Total","7.9",""
"1997","United Kingdom","Not seasonally adjusted data","Total","Total","6.8",""
"1998","United Kingdom","Not seasonally adjusted data","Total","Total","6.1",""
"1999","United Kingdom","Not seasonally adjusted data","Total","Total","5.9",""
"2000","United Kingdom","Not seasonally adjusted data","Total","Total","5.4",""
"2001","United Kingdom","Not seasonally adjusted data","Total","Total","5.0",""
"2002","United Kingdom","Not seasonally adjusted data","Total","Total","5.1",""
"2003","United Kingdom","Not seasonally adjusted data","Total","Total","5.0",""
"2004","United Kingdom","Not seasonally adjusted data","Total","Total","4.7",""
"2005","United Kingdom","Not seasonally adjusted data","Total","Total","4.8",""
"2006","United Kingdom","Not seasonally adjusted data","Total","Total","5.4",""
"2007","United Kingdom","Not seasonally adjusted data","Total","Total","5.3",""
"2008","United Kingdom","Not seasonally adjusted data","Total","Total","5.6",""
"2009","United Kingdom","Not seasonally adjusted data","Total","Total","7.6",""
"2010","United Kingdom","Not seasonally adjusted data","Total","Total","7.8",""
"2011","United Kingdom","Not seasonally adjusted data","Total","Total","8.0",""
"2012","United Kingdom","Not seasonally adjusted data","Total","Total","7.9",""
"1983","Norway","Not seasonally adjusted data","Total","Total",":",""
"1984","Norway","Not seasonally adjusted data","Total","Total",":",""
"1985","Norway","Not seasonally adjusted data","Total","Total",":",""
"1986","Norway","Not seasonally adjusted data","Total","Total",":",""
"1987","Norway","Not seasonally adjusted data","Total","Total",":",""
"1988","Norway","Not seasonally adjusted data","Total","Total",":",""
"1989","Norway","Not seasonally adjusted data","Total","Total","4.9",""
"1990","Norway","Not seasonally adjusted data","Total","Total","5.2",""
"1991","Norway","Not seasonally adjusted data","Total","Total","5.5",""
"1992","Norway","Not seasonally adjusted data","Total","Total","5.9",""
"1993","Norway","Not seasonally adjusted data","Total","Total","6.0",""
"1994","Norway","Not seasonally adjusted data","Total","Total","5.4",""
"1995","Norway","Not seasonally adjusted data","Total","Total","4.9","b"
"1996","Norway","Not seasonally adjusted data","Total","Total","4.7",""
"1997","Norway","Not seasonally adjusted data","Total","Total","3.9","b"
"1998","Norway","Not seasonally adjusted data","Total","Total","3.1",""
"1999","Norway","Not seasonally adjusted data","Total","Total","3.0",""
"2000","Norway","Not seasonally adjusted data","Total","Total","3.2",""
"2001","Norway","Not seasonally adjusted data","Total","Total","3.4",""
"2002","Norway","Not seasonally adjusted data","Total","Total","3.7",""
"2003","Norway","Not seasonally adjusted data","Total","Total","4.2",""
"2004","Norway","Not seasonally adjusted data","Total","Total","4.3",""
"2005","Norway","Not seasonally adjusted data","Total","Total","4.5",""
"2006","Norway","Not seasonally adjusted data","Total","Total","3.4","b"
"2007","Norway","Not seasonally adjusted data","Total","Total","2.5",""
"2008","Norway","Not seasonally adjusted data","Total","Total","2.5",""
"2009","Norway","Not seasonally adjusted data","Total","Total","3.2",""
"2010","Norway","Not seasonally adjusted data","Total","Total","3.6",""
"2011","Norway","Not seasonally adjusted data","Total","Total","3.3",""
"2012","Norway","Not seasonally adjusted data","Total","Total","3.2",""
"1983","Croatia","Not seasonally adjusted data","Total","Total",":",""
"1984","Croatia","Not seasonally adjusted data","Total","Total",":",""
"1985","Croatia","Not seasonally adjusted data","Total","Total",":",""
"1986","Croatia","Not seasonally adjusted data","Total","Total",":",""
"1987","Croatia","Not seasonally adjusted data","Total","Total",":",""
"1988","Croatia","Not seasonally adjusted data","Total","Total",":",""
"1989","Croatia","Not seasonally adjusted data","Total","Total",":",""
"1990","Croatia","Not seasonally adjusted data","Total","Total",":",""
"1991","Croatia","Not seasonally adjusted data","Total","Total",":",""
"1992","Croatia","Not seasonally adjusted data","Total","Total",":",""
"1993","Croatia","Not seasonally adjusted data","Total","Total",":",""
"1994","Croatia","Not seasonally adjusted data","Total","Total",":",""
"1995","Croatia","Not seasonally adjusted data","Total","Total",":",""
"1996","Croatia","Not seasonally adjusted data","Total","Total",":",""
"1997","Croatia","Not seasonally adjusted data","Total","Total",":",""
"1998","Croatia","Not seasonally adjusted data","Total","Total",":",""
"1999","Croatia","Not seasonally adjusted data","Total","Total",":",""
"2000","Croatia","Not seasonally adjusted data","Total","Total",":",""
"2001","Croatia","Not seasonally adjusted data","Total","Total",":",""
"2002","Croatia","Not seasonally adjusted data","Total","Total","14.8",""
"2003","Croatia","Not seasonally adjusted data","Total","Total","14.2",""
"2004","Croatia","Not seasonally adjusted data","Total","Total","13.7",""
"2005","Croatia","Not seasonally adjusted data","Total","Total","12.7",""
"2006","Croatia","Not seasonally adjusted data","Total","Total","11.2",""
"2007","Croatia","Not seasonally adjusted data","Total","Total","9.0",""
"2008","Croatia","Not seasonally adjusted data","Total","Total","8.4",""
"2009","Croatia","Not seasonally adjusted data","Total","Total","9.1",""
"2010","Croatia","Not seasonally adjusted data","Total","Total","11.8",""
"2011","Croatia","Not seasonally adjusted data","Total","Total","13.5",""
"2012","Croatia","Not seasonally adjusted data","Total","Total","15.9",""
"1983","Turkey","Not seasonally adjusted data","Total","Total",":",""
"1984","Turkey","Not seasonally adjusted data","Total","Total",":",""
"1985","Turkey","Not seasonally adjusted data","Total","Total",":",""
"1986","Turkey","Not seasonally adjusted data","Total","Total",":",""
"1987","Turkey","Not seasonally adjusted data","Total","Total",":",""
"1988","Turkey","Not seasonally adjusted data","Total","Total",":",""
"1989","Turkey","Not seasonally adjusted data","Total","Total",":",""
"1990","Turkey","Not seasonally adjusted data","Total","Total",":",""
"1991","Turkey","Not seasonally adjusted data","Total","Total",":",""
"1992","Turkey","Not seasonally adjusted data","Total","Total",":",""
"1993","Turkey","Not seasonally adjusted data","Total","Total",":",""
"1994","Turkey","Not seasonally adjusted data","Total","Total",":",""
"1995","Turkey","Not seasonally adjusted data","Total","Total",":",""
"1996","Turkey","Not seasonally adjusted data","Total","Total",":",""
"1997","Turkey","Not seasonally adjusted data","Total","Total",":",""
"1998","Turkey","Not seasonally adjusted data","Total","Total",":",""
"1999","Turkey","Not seasonally adjusted data","Total","Total",":",""
"2000","Turkey","Not seasonally adjusted data","Total","Total",":",""
"2001","Turkey","Not seasonally adjusted data","Total","Total",":",""
"2002","Turkey","Not seasonally adjusted data","Total","Total",":",""
"2003","Turkey","Not seasonally adjusted data","Total","Total",":",""
"2004","Turkey","Not seasonally adjusted data","Total","Total",":",""
"2005","Turkey","Not seasonally adjusted data","Total","Total","9.2",""
"2006","Turkey","Not seasonally adjusted data","Total","Total","8.7",""
"2007","Turkey","Not seasonally adjusted data","Total","Total","8.8","b"
"2008","Turkey","Not seasonally adjusted data","Total","Total","9.7",""
"2009","Turkey","Not seasonally adjusted data","Total","Total","12.5",""
"2010","Turkey","Not seasonally adjusted data","Total","Total","10.7",""
"2011","Turkey","Not seasonally adjusted data","Total","Total","8.8",""
"2012","Turkey","Not seasonally adjusted data","Total","Total","8.1",""
